año;sector;sexo;edad;t_bus_e;parados
2022;SIN ACTIVIDAD;HOMBRE;16;<= 7 DIAS;7
2022;SIN ACTIVIDAD;MUJER;16;<= 7 DIAS;8,25
2022;SIN ACTIVIDAD;HOMBRE;16;> 7 <= 15 DIAS;10,25
2022;SIN ACTIVIDAD;MUJER;16;> 7 <= 15 DIAS;6,25
2022;SIN ACTIVIDAD;HOMBRE;16;> 15 <= 30 DIAS;16,25
2022;SIN ACTIVIDAD;MUJER;16;> 15 <= 30 DIAS;8,5
2022;SIN ACTIVIDAD;HOMBRE;16;> 1 <= 3 MESES;38,5
2022;SIN ACTIVIDAD;MUJER;16;> 1 <= 3 MESES;28
2022;SIN ACTIVIDAD;HOMBRE;16;> 3 <= 6 MESES;24
2022;SIN ACTIVIDAD;MUJER;16;> 3 <= 6 MESES;16,75
2022;SIN ACTIVIDAD;HOMBRE;16;> 6 <= 9 MESES;7,75
2022;SIN ACTIVIDAD;MUJER;16;> 6 <= 9 MESES;3,75
2022;SIN ACTIVIDAD;HOMBRE;16;> 9 <= 12 MESES;1,25
2022;SIN ACTIVIDAD;MUJER;16;> 9 <= 12 MESES;1
